Message ke-0;5026;1656087036.548297
Message ke-1;9756;1656087036.553313
Message ke-2;1805;1656087036.555304
Message ke-3;5227;1656087036.558318
Message ke-4;6865;1656087036.560303
Message ke-0;4942;1656087107.204486
Message ke-1;4857;1656087107.206508
Message ke-2;2240;1656087107.207508
Message ke-3;5480;1656087107.210517
Message ke-4;6234;1656087107.21151
Message ke-0;3291;1656087436.437062
Message ke-1;7742;1656087436.439068
Message ke-2;4494;1656087436.440065
Message ke-3;2272;1656087436.44308
Message ke-4;2444;1656087436.444068
Message ke-0;5870;1656087474.115831
Message ke-1;3434;1656087474.117851
Message ke-2;4431;1656087474.118854
Message ke-3;6391;1656087474.121851
Message ke-4;7950;1656087474.122851
Message ke-0;5080;1656087644.608176
Message ke-1;4032;1656087644.609319
Message ke-2;2784;1656087644.61032
Message ke-3;5412;1656087644.613175
Message ke-4;4265;1656087644.614179
Message ke-0;4922;1656087711.334853
Message ke-1;6750;1656087711.339855
Message ke-2;7735;1656087711.343857
Message ke-3;3446;1656087711.347856
Message ke-4;5246;1656087711.350858
Message ke-0;9168;1656087743.424007
Message ke-1;6305;1656087743.425012
Message ke-2;9174;1656087743.426012
Message ke-3;4494;1656087743.428015
Message ke-4;7868;1656087743.429015
Message ke-0;7895;1656087759.716596
Message ke-1;9227;1656087759.717603
Message ke-2;6247;1656087759.7186
Message ke-3;6878;1656087759.722601
Message ke-4;1942;1656087759.7236
Message ke-0;2495;1656088366.439546
Message ke-1;7496;1656088366.442549
Message ke-2;7640;1656088366.44355
Message ke-3;6026;1656088366.446551
Message ke-4;6161;1656088366.447553
Message ke-0;99;35242152965842843622171226408233182289;1656088553.33009
Message ke-1;75;298522128114864395337127168392808599844;1656088554.334171
Message ke-2;97;51372977162731893907667214644538828610;1656088555.351654
Message ke-3;63;37843944128015919997427377908001367786;1656088556.358853
Message ke-4;96;35228453029051517228846176359974131047;1656088557.375224
Message ke-0;69;151963762495221840894283040727689728171;1656088694.900444
Message ke-1;81;251807862351215334894186964206412492865;1656088695.914993
Message ke-2;97;309282365684664905819115008838530074628;1656088696.924416
Message ke-3;68;333618006163962711149767772516383189490;1656088697.937818
Message ke-4;65;117088950110375240093934243942300082378;1656088698.94721
Message ke-0;6262;1656113277.296211
Message ke-1;3134;1656113277.298227
Message ke-2;4066;1656113277.300243
Message ke-3;9279;1656113277.305225
Message ke-4;1336;1656113277.30723
Message ke-0;3622;1656113356.572496
Message ke-1;4666;1656113356.575499
Message ke-2;3024;1656113356.577499
Message ke-3;4812;1656113356.581496
Message ke-4;3391;1656113356.583505
Message ke-0;9409;1656113470.96592
Message ke-1;2715;1656113470.968923
Message ke-2;7010;1656113470.970921
Message ke-3;2912;1656113470.975925
Message ke-4;7962;1656113470.977924
