Message ke-0;3796;1656290980.583428;1656290980.063419
Message ke-1;5697;1656290982.624558;1656290982.081838
Message ke-2;8392;1656290984.364058;1656290984.121381
Message ke-3;3081;1656290986.413458;1656290986.175577
Message ke-4;5407;1656290988.566327;1656290988.180622
Message ke-5;8229;1656290990.618066;1656290990.193927
Message ke-6;2875;1656290992.453886;1656290992.201199
Message ke-7;9370;1656290994.502558;1656290994.219563
Message ke-8;9873;1656290996.504987;1656290996.231352
Message ke-9;7901;1656290998.700181;1656290998.240785
Message ke-10;8734;1656291000.64596;1656291000.251231
Message ke-11;8654;1656291002.694112;1656291002.258895
Message ke-12;2779;1656291004.741265;1656291004.274318
Message ke-13;3861;1656291006.492468;1656291006.285472
Message ke-14;7136;1656291008.642566;1656291008.291661
Message ke-15;3680;1656291010.581188;1656291010.296221
Message ke-16;5190;1656291012.626659;1656291012.307012
Message ke-17;2265;1656291014.885788;1656291014.32197
Message ke-18;3393;1656291016.729993;1656291016.328796
Message ke-19;8413;1656291018.668248;1656291018.338531
Message ke-0;927772;1656291287.063209;1656291286.445923
Message ke-1;441198;1656291288.904219;1656291288.452857
Message ke-2;898683;1656291290.851584;1656291290.469111
Message ke-3;224881;1656291292.797961;1656291292.477411
Message ke-4;492417;1656291294.849007;1656291294.483668
Message ke-5;356833;1656291296.796091;1656291296.500781
Message ke-6;893555;1656291298.839441;1656291298.513145
Message ke-7;143965;1656291300.785819;1656291300.528024
Message ke-8;230518;1656291302.841774;1656291302.534573
Message ke-9;847585;1656291304.781514;1656291304.541692
Message ke-10;841785;1656291307.063314;1656291306.54806
Message ke-11;305074;1656291308.873597;1656291308.556899
Message ke-12;276468;1656291310.834977;1656291310.560666
Message ke-13;574528;1656291312.972821;1656291312.570385
Message ke-14;604878;1656291315.117143;1656291314.578479
Message ke-15;904498;1656291316.964783;1656291316.592173
Message ke-16;343023;1656291318.820744;1656291318.606708
Message ke-17;944869;1656291320.856853;1656291320.616081
Message ke-18;754603;1656291323.019751;1656291322.623538
Message ke-19;825324;1656291325.058962;1656291324.63426
Message ke-0;46310322;1656292791.560283;1656292790.844125
Message ke-1;87382119;1656292793.197059;1656292792.851909
Message ke-2;49291569;1656292795.245846;1656292794.861518
Message ke-3;98244167;1656292797.407068;1656292796.875999
Message ke-4;55513871;1656292799.240482;1656292798.893033
Message ke-5;25727786;1656292801.19282;1656292800.908991
Message ke-6;54231744;1656292803.132718;1656292802.917208
Message ke-7;42274705;1656292805.280064;1656292804.926071
Message ke-8;13690625;1656292807.33423;1656292806.935898
Message ke-9;98134248;1656292809.178971;1656292808.9423
Message ke-10;88293380;1656292811.220787;1656292810.949004
Message ke-11;47923250;1656292813.267958;1656292812.961556
Message ke-12;31906604;1656292816.254297;1656292814.967299
Message ke-13;36095494;1656292817.270454;1656292816.978529
Message ke-14;17967786;1656292819.218042;1656292818.993784
Message ke-15;42917231;1656292821.203578;1656292820.998406
Message ke-16;43963458;1656292823.426072;1656292823.016072
Message ke-17;11651889;1656292825.346223;1656292825.04423
Message ke-18;71150607;1656292827.30415;1656292827.071167
Message ke-19;64993127;1656292829.555559;1656292829.160002
Message ke-0;166032090755;1656293465.879103;1656293465.189221
Message ke-1;130179239000;1656293467.514053;1656293467.198242
Message ke-2;437506482594;1656293469.56306;1656293469.206392
Message ke-3;235359940111;1656293471.508733;1656293471.215933
Message ke-4;670349419435;1656293473.461039;1656293473.223043
Message ke-5;557563692725;1656293475.606777;1656293475.236654
Message ke-6;598240053478;1656293477.550606;1656293477.245476
Message ke-7;998313467821;1656293479.495561;1656293479.258336
Message ke-8;833055633145;1656293481.746495;1656293481.267268
Message ke-9;939296540998;1656293483.670239;1656293483.277486
Message ke-10;824569339040;1656293485.507087;1656293485.294556
Message ke-11;866739254981;1656293487.79611;1656293487.306117
Message ke-12;841293250772;1656293489.563125;1656293489.342122
Message ke-13;182186134201;1656293491.740988;1656293491.352538
Message ke-14;919831877453;1656293493.835154;1656293493.484143
Message ke-15;552639812811;1656293495.994224;1656293495.597217
Message ke-16;541467731236;1656293498.030856;1656293497.721307
Message ke-17;849427967741;1656293500.49171;1656293499.73355
Message ke-18;750238105307;1656293502.128489;1656293501.74909
Message ke-19;203347012190;1656293504.07496;1656293503.761637
Message ke-0;3714071026211351;1656293903.850835;1656293903.13853
Message ke-1;9514031844228164;1656293905.694602;1656293905.146257
Message ke-2;5460098902858704;1656293907.540096;1656293907.155696
Message ke-3;7124782048519103;1656293909.4828;1656293909.161185
Message ke-4;4714292913242558;1656293911.529086;1656293911.172923
Message ke-5;1344589626003105;1656293914.099492;1656293913.185062
Message ke-6;3809633006660591;1656293915.626101;1656293915.199278
Message ke-7;9889769163151704;1656293917.469421;1656293917.211159
Message ke-8;3646784808785316;1656293919.536099;1656293919.227032
Message ke-9;2875154157806478;1656293921.464045;1656293921.237013
Message ke-10;4623715985161521;1656293923.615168;1656293923.251396
Message ke-11;8141004591783389;1656293925.474699;1656293925.257645
Message ke-12;7239240808244608;1656293928.431366;1656293927.268424
Message ke-13;9533063361041306;1656293929.554886;1656293929.284487
Message ke-14;9935503404025814;1656293931.516144;1656293931.289648
Message ke-15;8769227557615780;1656293933.650815;1656293933.305787
Message ke-16;3247859465051595;1656293935.805162;1656293935.322894
Message ke-17;3269905290850238;1656293937.643061;1656293937.329778
Message ke-18;4127571026038842;1656293939.637694;1656293939.341864
Message ke-19;9670290202379827;1656293941.73993;1656293941.352216
Message ke-0;5507859008111393;1656294417.294224;1656294416.882206
Message ke-1;6206383239081777;1656294417.295213;1656294416.884209
Message ke-2;5948542399670291;1656294417.296213;1656294416.885215
Message ke-3;3883161672468278;1656294417.298215;1656294416.886214
Message ke-4;7599660204596585;1656294417.29922;1656294416.887215
Message ke-5;9458316134284419;1656294417.301214;1656294416.888214
Message ke-6;9793859236616348;1656294417.302213;1656294416.890213
Message ke-7;3067332573419737;1656294417.303216;1656294416.892214
Message ke-8;9764998768630069;1656294417.304211;1656294416.893217
Message ke-9;8576859511540206;1656294417.305213;1656294416.894218
Message ke-0;524195831177;1656294500.85422;1656294500.555224
Message ke-1;147352945912;1656294500.855222;1656294500.558234
Message ke-2;535940510873;1656294500.857225;1656294500.55924
Message ke-3;902847532870;1656294500.858225;1656294500.561228
Message ke-4;176087984295;1656294500.859225;1656294500.562226
Message ke-5;441560335275;1656294500.860227;1656294500.563226
Message ke-6;436414324594;1656294500.861225;1656294500.564226
Message ke-7;896846986339;1656294500.862225;1656294500.567224
Message ke-8;800233429456;1656294500.863253;1656294500.568225
Message ke-9;491151065542;1656294500.864271;1656294500.569224
Message ke-0;36190737;1656294558.716765;1656294558.300947
Message ke-1;13691361;1656294558.718758;1656294558.302855
Message ke-2;54018844;1656294558.719765;1656294558.304854
Message ke-3;69209274;1656294558.721766;1656294558.306854
Message ke-4;46185159;1656294558.722762;1656294558.308854
Message ke-5;25740758;1656294558.724758;1656294558.310853
Message ke-6;19415753;1656294558.725762;1656294558.312854
Message ke-7;21850776;1656294558.727759;1656294558.315851
Message ke-8;93073064;1656294558.728769;1656294558.316853
Message ke-9;88480110;1656294558.72977;1656294558.317852
Message ke-0;233798;1656294626.611764;1656294626.101042
Message ke-1;574225;1656294626.61377;1656294626.103041
Message ke-2;252261;1656294626.61577;1656294626.104048
Message ke-3;909150;1656294626.616768;1656294626.10605
Message ke-4;642950;1656294626.617768;1656294626.107049
Message ke-5;218579;1656294626.619768;1656294626.109047
Message ke-6;790341;1656294626.620771;1656294626.110051
Message ke-7;788828;1656294626.622767;1656294626.113045
Message ke-8;533169;1656294626.623769;1656294626.114052
Message ke-9;319231;1656294626.624767;1656294626.115046
Message ke-0;9037;1656294684.361409;1656294683.949406
Message ke-1;3223;1656294684.363415;1656294683.951405
Message ke-2;2836;1656294684.364411;1656294683.952411
Message ke-3;2795;1656294684.365411;1656294683.954415
Message ke-4;6183;1656294684.366419;1656294683.956416
Message ke-5;5260;1656294684.368417;1656294683.957415
Message ke-6;4966;1656294684.369412;1656294683.959413
Message ke-7;8039;1656294684.370412;1656294683.96141
Message ke-8;5605;1656294684.371411;1656294683.96241
Message ke-9;7301;1656294684.372413;1656294683.963412
